"Year","State","Sex","Deaths","Population","Crude Rate","Age-Adjusted Rate","Years of Potential Life Lost"
"2023","Alabama","Males","23","646,829","3.56","3.59","1,327"
"2023","Alabama","Females","--","623,583","--","--","--"
"2023","Alaska","Males","--","99,254","--","--","--"
"2023","Alaska","Females","--","92,648","--","--","--"
"2023","Arizona","Males","17**","911,756","1.87**","1.97**","1,023"
"2023","Arizona","Females","12**","870,549","1.38**","1.41**","695"
"2023","Arkansas","Males","16**","402,746","3.97**","3.97**","896"
"2023","Arkansas","Females","--","383,271","--","--","--"
"2023","California","Males","51","4,852,592","1.05","1.08","2,934"
"2023","California","Females","25","4,632,577","0.54","0.57","1,500"
"2023","Colorado","Males","--","702,034","--","--","--"
"2023","Colorado","Females","--","666,575","--","--","--"
"2023","Connecticut","Males","--","419,282","--","--","--"
"2023","Connecticut","Females","--","403,509","--","--","--"
"2023","Delaware","Males","--","120,948","--","--","--"
"2023","Delaware","Females","0**","117,954","0.00**","0.00**","--"
"2023","District of Columbia","Males","--","73,292","--","--","--"
"2023","District of Columbia","Females","0**","73,494","0.00**","0.00**","--"
"2023","Florida","Males","81","2,502,097","3.24","3.31","4,748"
"2023","Florida","Females","31","2,391,775","1.30","1.35","1,921"
"2023","Georgia","Males","31","1,446,613","2.14","2.17","1,748"
"2023","Georgia","Females","15**","1,389,984","1.08**","1.12**","894"
"2023","Hawaii","Males","--","167,107","--","--","--"
"2023","Hawaii","Females","0**","156,366","0.00**","0.00**","--"
"2023","Idaho","Males","--","268,666","--","--","--"
"2023","Idaho","Females","0**","261,260","0.00**","0.00**","--"
"2023","Illinois","Males","23","1,548,787","1.49","1.51","1,294"
"2023","Illinois","Females","--","1,478,798","--","--","--"
"2023","Indiana","Males","--","909,831","--","--","--"
"2023","Indiana","Females","--","861,748","--","--","--"
"2023","Iowa","Males","--","421,385","--","--","--"
"2023","Iowa","Females","--","400,893","--","--","--"
"2023","Kansas","Males","--","399,553","--","--","--"
"2023","Kansas","Females","--","378,574","--","--","--"
"2023","Kentucky","Males","11**","578,488","1.90**","1.91**","614"
"2023","Kentucky","Females","--","549,222","--","--","--"
"2023","Louisiana","Males","16**","603,582","2.65**","2.67**","957"
"2023","Louisiana","Females","--","580,136","--","--","--"
"2023","Maine","Males","--","145,642","--","--","--"
"2023","Maine","Females","0**","137,108","0.00**","0.00**","--"
"2023","Maryland","Males","12**","773,228","1.55**","1.58**","689"
"2023","Maryland","Females","--","741,610","--","--","--"
"2023","Massachusetts","Males","--","786,778","--","--","--"
"2023","Massachusetts","Females","--","757,278","--","--","--"
"2023","Michigan","Males","12**","1,214,014","0.99**","1.02**","712"
"2023","Michigan","Females","--","1,154,233","--","--","--"
"2023","Minnesota","Males","15**","740,217","2.03**","2.02**","807"
"2023","Minnesota","Females","--","708,538","--","--","--"
"2023","Mississippi","Males","13**","388,225","3.35**","3.39**","732"
"2023","Mississippi","Females","--","374,252","--","--","--"
"2023","Missouri","Males","11**","787,061","1.40**","1.41**","620"
"2023","Missouri","Females","--","745,406","--","--","--"
"2023","Montana","Males","--","135,436","--","--","--"
"2023","Montana","Females","0**","127,230","0.00**","0.00**","--"
"2023","Nebraska","Males","--","275,638","--","--","--"
"2023","Nebraska","Females","--","260,646","--","--","--"
"2023","Nevada","Males","--","387,144","--","--","--"
"2023","Nevada","Females","--","368,305","--","--","--"
"2023","New Hampshire","Males","--","146,658","--","--","--"
"2023","New Hampshire","Females","0**","140,057","0.00**","0.00**","--"
"2023","New Jersey","Males","16**","1,142,290","1.40**","1.40**","881"
"2023","New Jersey","Females","--","1,087,896","--","--","--"
"2023","New Mexico","Males","--","259,864","--","--","--"
"2023","New Mexico","Females","--","248,746","--","--","--"
"2023","New York","Males","23","2,278,412","1.01","1.00","1,241"
"2023","New York","Females","--","2,179,199","--","--","--"
"2023","North Carolina","Males","28","1,344,180","2.08","2.07","1,547"
"2023","North Carolina","Females","--","1,287,499","--","--","--"
"2023","North Dakota","Males","0**","107,362","0.00**","0.00**","--"
"2023","North Dakota","Females","0**","102,272","0.00**","0.00**","--"
"2023","Ohio","Males","26","1,471,954","1.77","1.79","1,491"
"2023","Ohio","Females","10**","1,404,854","0.71**","0.74**","620"
"2023","Oklahoma","Males","15**","552,497","2.72**","2.78**","869"
"2023","Oklahoma","Females","--","525,540","--","--","--"
"2023","Oregon","Males","--","476,994","--","--","--"
"2023","Oregon","Females","--","453,621","--","--","--"
"2023","Pennsylvania","Males","15**","1,528,733","0.98**","1.01**","879"
"2023","Pennsylvania","Females","--","1,460,020","--","--","--"
"2023","Rhode Island","Males","--","120,890","--","--","--"
"2023","Rhode Island","Females","--","117,450","--","--","--"
"2023","South Carolina","Males","18**","657,143","2.74**","2.80**","1,042"
"2023","South Carolina","Females","--","630,517","--","--","--"
"2023","South Dakota","Males","--","126,406","--","--","--"
"2023","South Dakota","Females","--","119,866","--","--","--"
"2023","Tennessee","Males","20**","891,286","2.24**","2.27**","1,189"
"2023","Tennessee","Females","--","851,601","--","--","--"
"2023","Texas","Males","84","4,299,547","1.95","1.99","4,911"
"2023","Texas","Females","34","4,109,054","0.83","0.84","2,012"
"2023","Utah","Males","11**","533,166","2.06**","2.07**","604"
"2023","Utah","Females","--","507,659","--","--","--"
"2023","Vermont","Males","--","69,330","--","--","--"
"2023","Vermont","Females","0**","65,046","0.00**","0.00**","--"
"2023","Virginia","Males","13**","1,081,095","1.20**","1.18**","705"
"2023","Virginia","Females","--","1,029,934","--","--","--"
"2023","Washington","Males","12**","934,799","1.28**","1.27**","627"
"2023","Washington","Females","--","889,463","--","--","--"
"2023","West Virginia","Males","--","203,625","--","--","--"
"2023","West Virginia","Females","--","192,272","--","--","--"
"2023","Wisconsin","Males","--","719,368","--","--","--"
"2023","Wisconsin","Females","--","685,065","--","--","--"
"2023","Wyoming","Males","0**","74,848","0.00**","0.00**","--"
"2023","Wyoming","Females","--","70,136","--","--","--"
"2022","Alabama","Males","20**","644,925","3.10**","3.11**","1,128"
"2022","Alabama","Females","--","621,431","--","--","--"
"2022","Alaska","Males","--","100,093","--","--","--"
"2022","Alaska","Females","0**","93,563","0.00**","0.00**","--"
"2022","Arizona","Males","19**","915,701","2.08**","2.22**","1,158"
"2022","Arizona","Females","--","874,553","--","--","--"
"2022","Arkansas","Males","14**","402,881","3.48**","3.50**","793"
"2022","Arkansas","Females","--","383,244","--","--","--"
"2022","California","Males","44","4,918,136","0.90","0.92","2,548"
"2022","California","Females","28","4,692,836","0.60","0.62","1,641"
"2022","Colorado","Males","--","707,955","--","--","--"
"2022","Colorado","Females","--","672,478","--","--","--"
"2022","Connecticut","Males","--","422,125","--","--","--"
"2022","Connecticut","Females","--","406,352","--","--","--"
"2022","Delaware","Males","--","120,536","--","--","--"
"2022","Delaware","Females","--","117,544","--","--","--"
"2022","District of Columbia","Males","--","72,546","--","--","--"
"2022","District of Columbia","Females","0**","72,643","0.00**","0.00**","--"
"2022","Florida","Males","66","2,475,821","2.67","2.74","3,954"
"2022","Florida","Females","33","2,367,995","1.39","1.43","2,001"
"2022","Georgia","Males","23","1,445,118","1.59","1.64","1,341"
"2022","Georgia","Females","13**","1,389,169","0.94**","0.97**","784"
"2022","Hawaii","Males","--","169,161","--","--","--"
"2022","Hawaii","Females","--","157,907","--","--","--"
"2022","Idaho","Males","--","268,666","--","--","--"
"2022","Idaho","Females","--","261,111","--","--","--"
"2022","Illinois","Males","17**","1,573,455","1.08**","1.11**","971"
"2022","Illinois","Females","--","1,501,687","--","--","--"
"2022","Indiana","Males","27","911,611","2.96","2.98","1,531"
"2022","Indiana","Females","11**","864,098","1.27**","1.31**","665"
"2022","Iowa","Males","--","423,062","--","--","--"
"2022","Iowa","Females","--","402,359","--","--","--"
"2022","Kansas","Males","--","402,428","--","--","--"
"2022","Kansas","Females","--","380,864","--","--","--"
"2022","Kentucky","Males","17**","579,569","2.93**","2.98**","1,026"
"2022","Kentucky","Females","--","549,838","--","--","--"
"2022","Louisiana","Males","17**","608,491","2.79**","2.80**","925"
"2022","Louisiana","Females","--","584,970","--","--","--"
"2022","Maine","Males","--","146,490","--","--","--"
"2022","Maine","Females","0**","138,243","0.00**","0.00**","--"
"2022","Maryland","Males","--","774,727","--","--","--"
"2022","Maryland","Females","--","743,223","--","--","--"
"2022","Massachusetts","Males","--","791,321","--","--","--"
"2022","Massachusetts","Females","--","762,086","--","--","--"
"2022","Michigan","Males","15**","1,224,709","1.23**","1.23**","837"
"2022","Michigan","Females","--","1,164,246","--","--","--"
"2022","Minnesota","Males","--","742,922","--","--","--"
"2022","Minnesota","Females","--","709,907","--","--","--"
"2022","Mississippi","Males","12**","390,626","3.07**","3.10**","691"
"2022","Mississippi","Females","--","376,951","--","--","--"
"2022","Missouri","Males","--","790,388","--","--","--"
"2022","Missouri","Females","--","748,393","--","--","--"
"2022","Montana","Males","--","135,762","--","--","--"
"2022","Montana","Females","--","127,540","--","--","--"
"2022","Nebraska","Males","--","275,794","--","--","--"
"2022","Nebraska","Females","0**","261,124","0.00**","0.00**","--"
"2022","Nevada","Males","11**","390,832","2.82**","2.90**","665"
"2022","Nevada","Females","--","371,756","--","--","--"
"2022","New Hampshire","Males","--","148,583","--","--","--"
"2022","New Hampshire","Females","0**","141,960","0.00**","0.00**","--"
"2022","New Jersey","Males","15**","1,146,171","1.31**","1.31**","819"
"2022","New Jersey","Females","--","1,091,098","--","--","--"
"2022","New Mexico","Males","--","264,124","--","--","--"
"2022","New Mexico","Females","--","253,026","--","--","--"
"2022","New York","Males","14**","2,315,694","0.61**","0.61**","799"
"2022","New York","Females","--","2,214,171","--","--","--"
"2022","North Carolina","Males","21","1,338,531","1.57","1.59","1,204"
"2022","North Carolina","Females","11**","1,283,275","0.86**","0.87**","624"
"2022","North Dakota","Males","--","107,071","--","--","--"
"2022","North Dakota","Females","0**","101,710","0.00**","0.00**","--"
"2022","Ohio","Males","22","1,478,193","1.49","1.50","1,246"
"2022","Ohio","Females","--","1,409,373","--","--","--"
"2022","Oklahoma","Males","12**","551,384","2.18**","2.22**","683"
"2022","Oklahoma","Females","--","524,525","--","--","--"
"2022","Oregon","Males","--","484,270","--","--","--"
"2022","Oregon","Females","--","460,581","--","--","--"
"2022","Pennsylvania","Males","17**","1,540,602","1.10**","1.15**","1,012"
"2022","Pennsylvania","Females","--","1,472,708","--","--","--"
"2022","Rhode Island","Males","--","122,043","--","--","--"
"2022","Rhode Island","Females","0**","118,286","0.00**","0.00**","--"
"2022","South Carolina","Males","14**","651,300","2.15**","2.16**","784"
"2022","South Carolina","Females","--","625,027","--","--","--"
"2022","South Dakota","Males","--","125,971","--","--","--"
"2022","South Dakota","Females","--","119,396","--","--","--"
"2022","Tennessee","Males","22","887,286","2.48","2.49","1,244"
"2022","Tennessee","Females","--","847,354","--","--","--"
"2022","Texas","Males","73","4,270,569","1.71","1.74","4,151"
"2022","Texas","Females","32","4,082,243","0.78","0.81","1,928"
"2022","Utah","Males","--","537,354","--","--","--"
"2022","Utah","Females","--","511,003","--","--","--"
"2022","Vermont","Males","0**","70,129","0.00**","0.00**","--"
"2022","Vermont","Females","0**","65,845","0.00**","0.00**","--"
"2022","Virginia","Males","15**","1,083,170","1.39**","1.38**","834"
"2022","Virginia","Females","--","1,033,736","--","--","--"
"2022","Washington","Males","12**","943,664","1.27**","1.27**","673"
"2022","Washington","Females","--","897,829","--","--","--"
"2022","West Virginia","Males","--","205,176","--","--","--"
"2022","West Virginia","Females","--","193,620","--","--","--"
"2022","Wisconsin","Males","11**","724,970","1.52**","1.50**","601"
"2022","Wisconsin","Females","--","690,410","--","--","--"
"2022","Wyoming","Males","0**","75,476","0.00**","0.00**","--"
"2022","Wyoming","Females","0**","70,791","0.00**","0.00**","--"
"2021","Alabama","Males","--","644,349","--","--","--"
"2021","Alabama","Females","--","620,787","--","--","--"
"2021","Alaska","Males","--","101,188","--","--","--"
"2021","Alaska","Females","0**","94,655","0.00**","0.00**","--"
"2021","Arizona","Males","25","912,558","2.74","2.84","1,439"
"2021","Arizona","Females","14**","871,063","1.61**","1.73**","871"
"2021","Arkansas","Males","17**","402,128","4.23**","4.27**","957"
"2021","Arkansas","Females","--","382,314","--","--","--"
"2021","California","Males","51","4,967,880","1.03","1.06","2,962"
"2021","California","Females","23","4,731,529","0.49","0.51","1,411"
"2021","Colorado","Males","--","714,561","--","--","--"
"2021","Colorado","Females","--","678,392","--","--","--"
"2021","Connecticut","Males","--","424,155","--","--","--"
"2021","Connecticut","Females","--","408,324","--","--","--"
"2021","Delaware","Males","--","119,626","--","--","--"
"2021","Delaware","Females","--","116,590","--","--","--"
"2021","District of Columbia","Males","0**","72,764","0.00**","0.00**","--"
"2021","District of Columbia","Females","--","72,847","--","--","--"
"2021","Florida","Males","75","2,441,333","3.07","3.16","4,484"
"2021","Florida","Females","25","2,336,135","1.07","1.12","1,560"
"2021","Georgia","Males","29","1,440,461","2.01","2.04","1,638"
"2021","Georgia","Females","--","1,385,885","--","--","--"
"2021","Hawaii","Males","--","171,300","--","--","--"
"2021","Hawaii","Females","--","159,924","--","--","--"
"2021","Idaho","Males","--","266,909","--","--","--"
"2021","Idaho","Females","--","259,977","--","--","--"
"2021","Illinois","Males","15**","1,605,255","0.93**","0.94**","823"
"2021","Illinois","Females","--","1,532,606","--","--","--"
"2021","Indiana","Males","14**","913,474","1.53**","1.55**","791"
"2021","Indiana","Females","10**","867,251","1.15**","1.19**","621"
"2021","Iowa","Males","--","425,161","--","--","--"
"2021","Iowa","Females","--","404,628","--","--","--"
"2021","Kansas","Males","--","405,526","--","--","--"
"2021","Kansas","Females","--","383,803","--","--","--"
"2021","Kentucky","Males","10**","581,267","1.72**","1.74**","588"
"2021","Kentucky","Females","--","551,514","--","--","--"
"2021","Louisiana","Males","23","616,648","3.73","3.74","1,353"
"2021","Louisiana","Females","--","593,087","--","--","--"
"2021","Maine","Males","--","146,591","--","--","--"
"2021","Maine","Females","--","138,641","--","--","--"
"2021","Maryland","Males","--","779,462","--","--","--"
"2021","Maryland","Females","--","748,534","--","--","--"
"2021","Massachusetts","Males","12**","800,176","1.50**","1.41**","617"
"2021","Massachusetts","Females","--","771,346","--","--","--"
"2021","Michigan","Males","18**","1,233,109","1.46**","1.49**","1,029"
"2021","Michigan","Females","--","1,171,648","--","--","--"
"2021","Minnesota","Males","13**","748,876","1.74**","1.74**","701"
"2021","Minnesota","Females","--","715,321","--","--","--"
"2021","Mississippi","Males","--","394,346","--","--","--"
"2021","Mississippi","Females","--","380,707","--","--","--"
"2021","Missouri","Males","19**","793,260","2.40**","2.43**","1,119"
"2021","Missouri","Females","--","752,369","--","--","--"
"2021","Montana","Males","--","135,094","--","--","--"
"2021","Montana","Females","0**","126,856","0.00**","0.00**","--"
"2021","Nebraska","Males","--","276,728","--","--","--"
"2021","Nebraska","Females","--","262,054","--","--","--"
"2021","Nevada","Males","--","391,178","--","--","--"
"2021","Nevada","Females","--","372,230","--","--","--"
"2021","New Hampshire","Males","--","149,135","--","--","--"
"2021","New Hampshire","Females","0**","142,319","0.00**","0.00**","--"
"2021","New Jersey","Males","11**","1,152,631","0.95**","0.97**","656"
"2021","New Jersey","Females","--","1,098,679","--","--","--"
"2021","New Mexico","Males","--","268,083","--","--","--"
"2021","New Mexico","Females","--","256,834","--","--","--"
"2021","New York","Males","20**","2,362,547","0.85**","0.84**","1,125"
"2021","New York","Females","10**","2,258,918","0.44**","0.45**","574"
"2021","North Carolina","Males","19**","1,333,090","1.43**","1.42**","1,060"
"2021","North Carolina","Females","--","1,279,061","--","--","--"
"2021","North Dakota","Males","--","107,191","--","--","--"
"2021","North Dakota","Females","0**","101,643","0.00**","0.00**","--"
"2021","Ohio","Males","26","1,485,741","1.75","1.76","1,454"
"2021","Ohio","Females","13**","1,415,073","0.92**","0.94**","764"
"2021","Oklahoma","Males","--","550,378","--","--","--"
"2021","Oklahoma","Females","--","523,121","--","--","--"
"2021","Oregon","Males","--","492,561","--","--","--"
"2021","Oregon","Females","--","468,266","--","--","--"
"2021","Pennsylvania","Males","22","1,554,795","1.42","1.47","1,297"
"2021","Pennsylvania","Females","--","1,487,610","--","--","--"
"2021","Rhode Island","Males","--","123,723","--","--","--"
"2021","Rhode Island","Females","--","119,996","--","--","--"
"2021","South Carolina","Males","--","644,206","--","--","--"
"2021","South Carolina","Females","--","617,811","--","--","--"
"2021","South Dakota","Males","--","125,023","--","--","--"
"2021","South Dakota","Females","0**","118,236","0.00**","0.00**","--"
"2021","Tennessee","Males","22","881,149","2.50","2.50","1,221"
"2021","Tennessee","Females","--","841,563","--","--","--"
"2021","Texas","Males","79","4,235,270","1.87","1.90","4,535"
"2021","Texas","Females","37","4,051,694","0.91","0.95","2,300"
"2021","Utah","Males","--","539,589","--","--","--"
"2021","Utah","Females","--","513,458","--","--","--"
"2021","Vermont","Males","0**","70,884","0.00**","0.00**","--"
"2021","Vermont","Females","0**","66,516","0.00**","0.00**","--"
"2021","Virginia","Males","11**","1,086,872","1.01**","1.02**","623"
"2021","Virginia","Females","--","1,038,304","--","--","--"
"2021","Washington","Males","13**","948,153","1.37**","1.40**","709"
"2021","Washington","Females","--","900,879","--","--","--"
"2021","West Virginia","Males","--","207,315","--","--","--"
"2021","West Virginia","Females","--","195,445","--","--","--"
"2021","Wisconsin","Males","10**","729,993","1.37**","1.38**","551"
"2021","Wisconsin","Females","--","694,387","--","--","--"
"2021","Wyoming","Males","--","75,874","--","--","--"
"2021","Wyoming","Females","--","71,477","--","--","--"
"2020","Alabama","Males","10**","644,337","1.55**","1.56**","561"
"2020","Alabama","Females","--","620,065","--","--","--"
"2020","Alaska","Males","--","101,920","--","--","--"
"2020","Alaska","Females","0**","95,151","0.00**","0.00**","--"
"2020","Arizona","Males","15**","916,451","1.64**","1.74**","930"
"2020","Arizona","Females","--","875,337","--","--","--"
"2020","Arkansas","Males","14**","402,467","3.48**","3.52**","798"
"2020","Arkansas","Females","--","382,402","--","--","--"
"2020","California","Males","57","5,082,680","1.12","1.14","3,306"
"2020","California","Females","24","4,848,983","0.50","0.51","1,400"
"2020","Colorado","Males","10**","724,090","1.38**","1.37**","537"
"2020","Colorado","Females","--","687,602","--","--","--"
"2020","Connecticut","Males","--","425,488","--","--","--"
"2020","Connecticut","Females","0**","407,741","0.00**","0.00**","--"
"2020","Delaware","Males","--","119,591","--","--","--"
"2020","Delaware","Females","--","116,407","--","--","--"
"2020","District of Columbia","Males","--","70,218","--","--","--"
"2020","District of Columbia","Females","0**","68,755","0.00**","0.00**","--"
"2020","Florida","Males","62","2,437,500","2.54","2.58","3,665"
"2020","Florida","Females","27","2,331,676","1.16","1.19","1,670"
"2020","Georgia","Males","30","1,448,633","2.07","2.09","1,678"
"2020","Georgia","Females","--","1,393,640","--","--","--"
"2020","Hawaii","Males","--","173,449","--","--","--"
"2020","Hawaii","Females","--","161,715","--","--","--"
"2020","Idaho","Males","--","262,147","--","--","--"
"2020","Idaho","Females","0**","255,681","0.00**","0.00**","--"
"2020","Illinois","Males","22","1,635,148","1.35","1.33","1,186"
"2020","Illinois","Females","--","1,561,424","--","--","--"
"2020","Indiana","Males","10**","916,555","1.09**","1.12**","605"
"2020","Indiana","Females","--","871,070","--","--","--"
"2020","Iowa","Males","--","427,234","--","--","--"
"2020","Iowa","Females","--","406,583","--","--","--"
"2020","Kansas","Males","--","409,148","--","--","--"
"2020","Kansas","Females","--","387,035","--","--","--"
"2020","Kentucky","Males","12**","585,217","2.05**","2.06**","682"
"2020","Kentucky","Females","--","554,742","--","--","--"
"2020","Louisiana","Males","27","623,715","4.33","4.33","1,559"
"2020","Louisiana","Females","--","599,640","--","--","--"
"2020","Maine","Males","--","146,956","--","--","--"
"2020","Maine","Females","--","138,990","--","--","--"
"2020","Maryland","Males","--","786,211","--","--","--"
"2020","Maryland","Females","--","754,713","--","--","--"
"2020","Massachusetts","Males","--","807,956","--","--","--"
"2020","Massachusetts","Females","--","776,323","--","--","--"
"2020","Michigan","Males","19**","1,253,095","1.52**","1.50**","1,016"
"2020","Michigan","Females","--","1,192,794","--","--","--"
"2020","Minnesota","Males","12**","753,842","1.59**","1.61**","700"
"2020","Minnesota","Females","--","720,283","--","--","--"
"2020","Mississippi","Males","12**","398,044","3.02**","3.11**","695"
"2020","Mississippi","Females","--","384,274","--","--","--"
"2020","Missouri","Males","11**","795,539","1.38**","1.40**","640"
"2020","Missouri","Females","--","755,640","--","--","--"
"2020","Montana","Males","--","134,191","--","--","--"
"2020","Montana","Females","--","125,985","--","--","--"
"2020","Nebraska","Males","--","278,328","--","--","--"
"2020","Nebraska","Females","0**","264,062","0.00**","0.00**","--"
"2020","Nevada","Males","--","392,268","--","--","--"
"2020","Nevada","Females","--","372,975","--","--","--"
"2020","New Hampshire","Males","--","151,006","--","--","--"
"2020","New Hampshire","Females","0**","144,555","0.00**","0.00**","--"
"2020","New Jersey","Males","16**","1,163,799","1.38**","1.37**","866"
"2020","New Jersey","Females","--","1,109,717","--","--","--"
"2020","New Mexico","Males","--","272,315","--","--","--"
"2020","New Mexico","Females","--","261,024","--","--","--"
"2020","New York","Males","24","2,408,917","1.00","0.99","1,318"
"2020","New York","Females","--","2,301,168","--","--","--"
"2020","North Carolina","Males","25","1,329,735","1.88","1.90","1,405"
"2020","North Carolina","Females","--","1,273,225","--","--","--"
"2020","North Dakota","Males","--","107,101","--","--","--"
"2020","North Dakota","Females","--","101,380","--","--","--"
"2020","Ohio","Males","28","1,503,334","1.86","1.88","1,572"
"2020","Ohio","Females","13**","1,434,436","0.91**","0.93**","814"
"2020","Oklahoma","Males","17**","549,494","3.09**","3.13**","974"
"2020","Oklahoma","Females","--","522,327","--","--","--"
"2020","Oregon","Males","--","498,498","--","--","--"
"2020","Oregon","Females","--","473,410","--","--","--"
"2020","Pennsylvania","Males","25","1,558,108","1.61","1.62","1,418"
"2020","Pennsylvania","Females","--","1,488,979","--","--","--"
"2020","Rhode Island","Males","--","125,593","--","--","--"
"2020","Rhode Island","Females","--","121,504","--","--","--"
"2020","South Carolina","Males","16**","641,674","2.49**","2.46**","833"
"2020","South Carolina","Females","--","616,185","--","--","--"
"2020","South Dakota","Males","--","124,417","--","--","--"
"2020","South Dakota","Females","--","117,779","--","--","--"
"2020","Tennessee","Males","17**","881,984","1.93**","1.91**","930"
"2020","Tennessee","Females","--","843,003","--","--","--"
"2020","Texas","Males","70","4,229,995","1.66","1.69","4,083"
"2020","Texas","Females","34","4,046,416","0.84","0.86","2,040"
"2020","Utah","Males","--","539,407","--","--","--"
"2020","Utah","Females","--","512,853","--","--","--"
"2020","Vermont","Males","--","71,478","--","--","--"
"2020","Vermont","Females","0**","67,019","0.00**","0.00**","--"
"2020","Virginia","Males","--","1,093,030","--","--","--"
"2020","Virginia","Females","--","1,044,628","--","--","--"
"2020","Washington","Males","11**","961,035","1.15**","1.16**","587"
"2020","Washington","Females","--","914,753","--","--","--"
"2020","West Virginia","Males","--","209,317","--","--","--"
"2020","West Virginia","Females","--","197,110","--","--","--"
"2020","Wisconsin","Males","--","742,319","--","--","--"
"2020","Wisconsin","Females","--","707,053","--","--","--"
"2020","Wyoming","Males","--","76,492","--","--","--"
"2020","Wyoming","Females","0**","71,754","0.00**","0.00**","--"
"2019","Alabama","Males","18**","619,386","2.91**","2.90**","1,072"
"2019","Alabama","Females","--","597,709","--","--","--"
"2019","Alaska","Males","--","101,832","--","--","--"
"2019","Alaska","Females","--","95,486","--","--","--"
"2019","Arizona","Males","10**","939,597","1.06**","1.08**","587"
"2019","Arizona","Females","--","901,320","--","--","--"
"2019","Arkansas","Males","--","399,510","--","--","--"
"2019","Arkansas","Females","--","380,476","--","--","--"
"2019","California","Males","57","5,064,880","1.13","1.13","3,276"
"2019","California","Females","26","4,846,550","0.54","0.54","1,583"
"2019","Colorado","Males","--","719,476","--","--","--"
"2019","Colorado","Females","--","685,807","--","--","--"
"2019","Connecticut","Males","--","422,540","--","--","--"
"2019","Connecticut","Females","0**","406,690","0.00**","0.00**","--"
"2019","Delaware","Males","--","116,323","--","--","--"
"2019","Delaware","Females","--","113,409","--","--","--"
"2019","District of Columbia","Males","--","74,400","--","--","--"
"2019","District of Columbia","Females","0**","74,650","0.00**","0.00**","--"
"2019","Florida","Males","60","2,410,196","2.49","2.48","3,465"
"2019","Florida","Females","22","2,309,277","0.95","0.95","1,358"
"2019","Georgia","Males","23","1,426,645","1.61","1.61","1,247"
"2019","Georgia","Females","14**","1,377,138","1.02**","1.05**","861"
"2019","Hawaii","Males","--","169,716","--","--","--"
"2019","Hawaii","Females","--","159,490","--","--","--"
"2019","Idaho","Males","--","253,378","--","--","--"
"2019","Idaho","Females","--","242,666","--","--","--"
"2019","Illinois","Males","16**","1,606,012","1.00**","1.00**","939"
"2019","Illinois","Females","--","1,539,131","--","--","--"
"2019","Indiana","Males","19**","899,397","2.11**","2.12**","1,109"
"2019","Indiana","Females","--","856,754","--","--","--"
"2019","Iowa","Males","--","418,420","--","--","--"
"2019","Iowa","Females","--","399,498","--","--","--"
"2019","Kansas","Males","--","401,923","--","--","--"
"2019","Kansas","Females","--","381,309","--","--","--"
"2019","Kentucky","Males","15**","574,761","2.61**","2.60**","855"
"2019","Kentucky","Females","--","545,953","--","--","--"
"2019","Louisiana","Males","18**","614,506","2.93**","2.93**","990"
"2019","Louisiana","Females","--","591,563","--","--","--"
"2019","Maine","Males","--","144,585","--","--","--"
"2019","Maine","Females","--","137,145","--","--","--"
"2019","Maryland","Males","--","761,196","--","--","--"
"2019","Maryland","Females","--","732,384","--","--","--"
"2019","Massachusetts","Males","--","792,343","--","--","--"
"2019","Massachusetts","Females","0**","767,860","0.00**","0.00**","--"
"2019","Michigan","Males","17**","1,231,670","1.38**","1.36**","923"
"2019","Michigan","Females","--","1,176,417","--","--","--"
"2019","Minnesota","Males","--","737,660","--","--","--"
"2019","Minnesota","Females","--","707,356","--","--","--"
"2019","Mississippi","Males","19**","398,359","4.77**","4.67**","972"
"2019","Mississippi","Females","--","383,638","--","--","--"
"2019","Missouri","Males","13**","784,064","1.66**","1.65**","707"
"2019","Missouri","Females","--","747,607","--","--","--"
"2019","Montana","Males","--","131,180","--","--","--"
"2019","Montana","Females","0**","123,627","0.00**","0.00**","--"
"2019","Nebraska","Males","--","271,305","--","--","--"
"2019","Nebraska","Females","0**","258,382","0.00**","0.00**","--"
"2019","Nevada","Males","--","390,358","--","--","--"
"2019","Nevada","Females","--","372,286","--","--","--"
"2019","New Hampshire","Males","--","148,719","--","--","--"
"2019","New Hampshire","Females","--","142,821","--","--","--"
"2019","New Jersey","Males","10**","1,102,322","0.91**","0.90**","548"
"2019","New Jersey","Females","--","1,054,181","--","--","--"
"2019","New Mexico","Males","--","271,784","--","--","--"
"2019","New Mexico","Females","--","261,526","--","--","--"
"2019","New York","Males","21","2,309,683","0.91","0.89","1,194"
"2019","New York","Females","--","2,213,110","--","--","--"
"2019","North Carolina","Males","21","1,324,295","1.59","1.59","1,167"
"2019","North Carolina","Females","--","1,273,012","--","--","--"
"2019","North Dakota","Males","--","103,502","--","--","--"
"2019","North Dakota","Females","0**","97,955","0.00**","0.00**","--"
"2019","Ohio","Males","28","1,477,008","1.90","1.88","1,542"
"2019","Ohio","Females","--","1,413,033","--","--","--"
"2019","Oklahoma","Males","11**","542,585","2.03**","2.03**","615"
"2019","Oklahoma","Females","--","517,341","--","--","--"
"2019","Oregon","Males","--","493,612","--","--","--"
"2019","Oregon","Females","--","470,166","--","--","--"
"2019","Pennsylvania","Males","19**","1,520,779","1.25**","1.27**","1,141"
"2019","Pennsylvania","Females","--","1,455,530","--","--","--"
"2019","Rhode Island","Males","--","120,768","--","--","--"
"2019","Rhode Island","Females","--","117,085","--","--","--"
"2019","South Carolina","Males","16**","637,190","2.51**","2.50**","878"
"2019","South Carolina","Females","--","613,505","--","--","--"
"2019","South Dakota","Males","--","123,872","--","--","--"
"2019","South Dakota","Females","--","117,681","--","--","--"
"2019","Tennessee","Males","15**","856,654","1.75**","1.75**","795"
"2019","Tennessee","Females","--","821,951","--","--","--"
"2019","Texas","Males","65","4,192,669","1.55","1.55","3,724"
"2019","Texas","Females","33","4,025,963","0.82","0.82","1,976"
"2019","Utah","Males","--","526,122","--","--","--"
"2019","Utah","Females","--","501,302","--","--","--"
"2019","Vermont","Males","--","69,464","--","--","--"
"2019","Vermont","Females","--","65,262","--","--","--"
"2019","Virginia","Males","--","1,070,234","--","--","--"
"2019","Virginia","Females","--","1,026,005","--","--","--"
"2019","Washington","Males","10**","940,017","1.06**","1.06**","562"
"2019","Washington","Females","--","898,260","--","--","--"
"2019","West Virginia","Males","--","207,567","--","--","--"
"2019","West Virginia","Females","--","196,027","--","--","--"
"2019","Wisconsin","Males","12**","727,740","1.65**","1.64**","648"
"2019","Wisconsin","Females","--","696,089","--","--","--"
"2019","Wyoming","Males","--","76,378","--","--","--"
"2019","Wyoming","Females","0**","71,603","0.00**","0.00**","--"
"2018","Alabama","Males","17**","621,169","2.74**","2.75**","975"
"2018","Alabama","Females","--","599,260","--","--","--"
"2018","Alaska","Males","--","103,353","--","--","--"
"2018","Alaska","Females","0**","96,982","0.00**","0.00**","--"
"2018","Arizona","Males","23","935,537","2.46","2.50","1,389"
"2018","Arizona","Females","--","898,482","--","--","--"
"2018","Arkansas","Males","--","400,810","--","--","--"
"2018","Arkansas","Females","--","381,858","--","--","--"
"2018","California","Males","59","5,114,551","1.15","1.15","3,522"
"2018","California","Females","23","4,891,646","0.47","0.47","1,376"
"2018","Colorado","Males","10**","722,036","1.39**","1.40**","589"
"2018","Colorado","Females","--","688,654","--","--","--"
"2018","Connecticut","Males","--","427,919","--","--","--"
"2018","Connecticut","Females","--","411,516","--","--","--"
"2018","Delaware","Males","--","116,112","--","--","--"
"2018","Delaware","Females","0**","113,485","0.00**","0.00**","--"
"2018","District of Columbia","Males","--","73,709","--","--","--"
"2018","District of Columbia","Females","0**","74,222","0.00**","0.00**","--"
"2018","Florida","Males","73","2,405,429","3.04","3.02","4,260"
"2018","Florida","Females","36","2,304,263","1.56","1.56","2,214"
"2018","Georgia","Males","26","1,425,944","1.82","1.83","1,450"
"2018","Georgia","Females","--","1,375,812","--","--","--"
"2018","Hawaii","Males","--","171,715","--","--","--"
"2018","Hawaii","Females","--","161,298","--","--","--"
"2018","Idaho","Males","--","251,465","--","--","--"
"2018","Idaho","Females","--","240,950","--","--","--"
"2018","Illinois","Males","18**","1,627,071","1.11**","1.11**","1,009"
"2018","Illinois","Females","--","1,559,066","--","--","--"
"2018","Indiana","Males","11**","900,700","1.22**","1.23**","659"
"2018","Indiana","Females","--","857,755","--","--","--"
"2018","Iowa","Males","--","419,297","--","--","--"
"2018","Iowa","Females","--","400,468","--","--","--"
"2018","Kansas","Males","--","404,802","--","--","--"
"2018","Kansas","Females","--","383,865","--","--","--"
"2018","Kentucky","Males","12**","576,291","2.08**","2.06**","694"
"2018","Kentucky","Females","--","547,992","--","--","--"
"2018","Louisiana","Males","16**","619,031","2.59**","2.51**","966"
"2018","Louisiana","Females","--","595,638","--","--","--"
"2018","Maine","Males","--","145,275","--","--","--"
"2018","Maine","Females","0**","137,727","0.00**","0.00**","--"
"2018","Maryland","Males","--","762,770","--","--","--"
"2018","Maryland","Females","--","733,402","--","--","--"
"2018","Massachusetts","Males","--","799,106","--","--","--"
"2018","Massachusetts","Females","--","774,076","--","--","--"
"2018","Michigan","Males","14**","1,242,839","1.13**","1.14**","822"
"2018","Michigan","Females","--","1,187,392","--","--","--"
"2018","Minnesota","Males","--","737,390","--","--","--"
"2018","Minnesota","Females","--","706,654","--","--","--"
"2018","Mississippi","Males","--","402,464","--","--","--"
"2018","Mississippi","Females","--","387,450","--","--","--"
"2018","Missouri","Males","13**","786,704","1.65**","1.65**","717"
"2018","Missouri","Females","--","749,583","--","--","--"
"2018","Montana","Males","--","131,259","--","--","--"
"2018","Montana","Females","0**","123,714","0.00**","0.00**","--"
"2018","Nebraska","Males","--","271,345","--","--","--"
"2018","Nebraska","Females","--","258,620","--","--","--"
"2018","Nevada","Males","--","386,810","--","--","--"
"2018","Nevada","Females","--","368,863","--","--","--"
"2018","New Hampshire","Males","--","150,305","--","--","--"
"2018","New Hampshire","Females","0**","143,929","0.00**","0.00**","--"
"2018","New Jersey","Males","11**","1,108,088","0.99**","0.99**","616"
"2018","New Jersey","Females","--","1,060,093","--","--","--"
"2018","New Mexico","Males","--","274,649","--","--","--"
"2018","New Mexico","Females","--","263,717","--","--","--"
"2018","New York","Males","14**","2,334,852","0.60**","0.60**","745"
"2018","New York","Females","--","2,236,632","--","--","--"
"2018","North Carolina","Males","18**","1,321,876","1.36**","1.36**","997"
"2018","North Carolina","Females","10**","1,271,136","0.79**","0.80**","596"
"2018","North Dakota","Males","--","102,593","--","--","--"
"2018","North Dakota","Females","--","97,230","--","--","--"
"2018","Ohio","Males","26","1,484,393","1.75","1.74","1,381"
"2018","Ohio","Females","--","1,419,594","--","--","--"
"2018","Oklahoma","Males","21","543,666","3.86","3.84","1,194"
"2018","Oklahoma","Females","--","518,188","--","--","--"
"2018","Oregon","Males","--","495,800","--","--","--"
"2018","Oregon","Females","--","472,318","--","--","--"
"2018","Pennsylvania","Males","16**","1,532,078","1.04**","1.03**","849"
"2018","Pennsylvania","Females","10**","1,465,625","0.68**","0.68**","568"
"2018","Rhode Island","Males","--","122,034","--","--","--"
"2018","Rhode Island","Females","0**","118,406","0.00**","0.00**","--"
"2018","South Carolina","Males","11**","633,906","1.74**","1.74**","628"
"2018","South Carolina","Females","--","610,737","--","--","--"
"2018","South Dakota","Males","--","123,377","--","--","--"
"2018","South Dakota","Females","--","117,159","--","--","--"
"2018","Tennessee","Males","17**","856,574","1.99**","1.97**","956"
"2018","Tennessee","Females","11**","822,193","1.34**","1.33**","649"
"2018","Texas","Males","76","4,174,688","1.82","1.81","4,433"
"2018","Texas","Females","38","4,006,241","0.95","0.94","2,287"
"2018","Utah","Males","--","525,164","--","--","--"
"2018","Utah","Females","--","500,193","--","--","--"
"2018","Vermont","Males","--","70,131","--","--","--"
"2018","Vermont","Females","0**","66,119","0.00**","0.00**","--"
"2018","Virginia","Males","10**","1,070,295","0.93**","0.93**","576"
"2018","Virginia","Females","--","1,025,759","--","--","--"
"2018","Washington","Males","11**","938,147","1.17**","1.17**","612"
"2018","Washington","Females","--","895,327","--","--","--"
"2018","West Virginia","Males","--","209,795","--","--","--"
"2018","West Virginia","Females","--","198,731","--","--","--"
"2018","Wisconsin","Males","--","731,997","--","--","--"
"2018","Wisconsin","Females","--","699,926","--","--","--"
"2018","Wyoming","Males","--","76,969","--","--","--"
"2018","Wyoming","Females","0**","72,167","0.00**","0.00**","--"
"2017","Alabama","Males","10**","622,426","1.61**","1.60**","582"
"2017","Alabama","Females","--","600,402","--","--","--"
"2017","Alaska","Males","--","104,747","--","--","--"
"2017","Alaska","Females","--","98,268","--","--","--"
"2017","Arizona","Males","20**","932,814","2.14**","2.15**","1,148"
"2017","Arizona","Females","12**","895,080","1.34**","1.35**","741"
"2017","Arkansas","Males","16**","401,606","3.98**","3.96**","903"
"2017","Arkansas","Females","--","382,638","--","--","--"
"2017","California","Males","57","5,149,079","1.11","1.10","3,268"
"2017","California","Females","25","4,926,958","0.51","0.50","1,528"
"2017","Colorado","Males","--","721,076","--","--","--"
"2017","Colorado","Females","--","686,587","--","--","--"
"2017","Connecticut","Males","--","432,147","--","--","--"
"2017","Connecticut","Females","--","415,221","--","--","--"
"2017","Delaware","Males","--","115,985","--","--","--"
"2017","Delaware","Females","0**","113,302","0.00**","0.00**","--"
"2017","District of Columbia","Males","0**","72,679","0.00**","0.00**","--"
"2017","District of Columbia","Females","--","73,280","--","--","--"
"2017","Florida","Males","72","2,390,780","3.01","2.99","4,277"
"2017","Florida","Females","27","2,288,782","1.18","1.18","1,635"
"2017","Georgia","Males","33","1,424,111","2.32","2.33","1,881"
"2017","Georgia","Females","12**","1,374,273","0.87**","0.89**","732"
"2017","Hawaii","Males","--","173,048","--","--","--"
"2017","Hawaii","Females","--","162,563","--","--","--"
"2017","Idaho","Males","--","249,794","--","--","--"
"2017","Idaho","Females","--","239,746","--","--","--"
"2017","Illinois","Males","19**","1,646,896","1.15**","1.15**","1,032"
"2017","Illinois","Females","--","1,577,843","--","--","--"
"2017","Indiana","Males","20**","899,525","2.22**","2.23**","1,181"
"2017","Indiana","Females","--","857,461","--","--","--"
"2017","Iowa","Males","--","420,682","--","--","--"
"2017","Iowa","Females","--","401,688","--","--","--"
"2017","Kansas","Males","--","406,862","--","--","--"
"2017","Kansas","Females","--","386,346","--","--","--"
"2017","Kentucky","Males","12**","576,967","2.08**","2.07**","681"
"2017","Kentucky","Females","--","549,037","--","--","--"
"2017","Louisiana","Males","19**","623,155","3.05**","2.99**","1,098"
"2017","Louisiana","Females","--","599,639","--","--","--"
"2017","Maine","Males","--","146,672","--","--","--"
"2017","Maine","Females","0**","138,637","0.00**","0.00**","--"
"2017","Maryland","Males","11**","764,447","1.44**","1.43**","646"
"2017","Maryland","Females","--","734,153","--","--","--"
"2017","Massachusetts","Males","--","803,046","--","--","--"
"2017","Massachusetts","Females","--","778,077","--","--","--"
"2017","Michigan","Males","19**","1,252,767","1.52**","1.53**","1,113"
"2017","Michigan","Females","--","1,196,767","--","--","--"
"2017","Minnesota","Males","--","735,233","--","--","--"
"2017","Minnesota","Females","--","705,094","--","--","--"
"2017","Mississippi","Males","13**","407,017","3.19**","3.20**","738"
"2017","Mississippi","Females","--","391,652","--","--","--"
"2017","Missouri","Males","15**","788,590","1.90**","1.89**","860"
"2017","Missouri","Females","--","751,552","--","--","--"
"2017","Montana","Males","--","131,402","--","--","--"
"2017","Montana","Females","--","123,803","--","--","--"
"2017","Nebraska","Males","--","270,719","--","--","--"
"2017","Nebraska","Females","--","258,092","--","--","--"
"2017","Nevada","Males","--","382,946","--","--","--"
"2017","Nevada","Females","--","364,567","--","--","--"
"2017","New Hampshire","Males","0**","151,875","0.00**","0.00**","--"
"2017","New Hampshire","Females","0**","145,580","0.00**","0.00**","--"
"2017","New Jersey","Males","--","1,113,361","--","--","--"
"2017","New Jersey","Females","--","1,064,765","--","--","--"
"2017","New Mexico","Males","--","277,574","--","--","--"
"2017","New Mexico","Females","--","266,842","--","--","--"
"2017","New York","Males","23","2,355,846","0.98","0.96","1,265"
"2017","New York","Females","--","2,257,115","--","--","--"
"2017","North Carolina","Males","23","1,316,800","1.75","1.73","1,246"
"2017","North Carolina","Females","--","1,266,241","--","--","--"
"2017","North Dakota","Males","--","101,659","--","--","--"
"2017","North Dakota","Females","0**","96,405","0.00**","0.00**","--"
"2017","Ohio","Males","24","1,491,816","1.61","1.60","1,342"
"2017","Ohio","Females","10**","1,425,398","0.70**","0.71**","624"
"2017","Oklahoma","Males","14**","544,836","2.57**","2.54**","802"
"2017","Oklahoma","Females","--","519,375","--","--","--"
"2017","Oregon","Males","--","497,445","--","--","--"
"2017","Oregon","Females","--","473,673","--","--","--"
"2017","Pennsylvania","Males","17**","1,537,543","1.11**","1.12**","1,006"
"2017","Pennsylvania","Females","--","1,471,340","--","--","--"
"2017","Rhode Island","Males","--","122,644","--","--","--"
"2017","Rhode Island","Females","0**","118,994","0.00**","0.00**","--"
"2017","South Carolina","Males","18**","630,698","2.85**","2.84**","1,022"
"2017","South Carolina","Females","--","607,415","--","--","--"
"2017","South Dakota","Males","--","123,172","--","--","--"
"2017","South Dakota","Females","0**","116,524","0.00**","0.00**","--"
"2017","Tennessee","Males","17**","854,197","1.99**","1.98**","944"
"2017","Tennessee","Females","--","819,251","--","--","--"
"2017","Texas","Males","73","4,157,663","1.76","1.74","4,203"
"2017","Texas","Females","27","3,987,163","0.68","0.67","1,609"
"2017","Utah","Males","--","523,156","--","--","--"
"2017","Utah","Females","--","497,141","--","--","--"
"2017","Vermont","Males","--","70,972","--","--","--"
"2017","Vermont","Females","0**","66,863","0.00**","0.00**","--"
"2017","Virginia","Males","14**","1,069,719","1.31**","1.30**","791"
"2017","Virginia","Females","--","1,026,199","--","--","--"
"2017","Washington","Males","10**","934,331","1.07**","1.07**","539"
"2017","Washington","Females","0**","891,335","0.00**","0.00**","--"
"2017","West Virginia","Males","--","212,103","--","--","--"
"2017","West Virginia","Females","--","201,142","--","--","--"
"2017","Wisconsin","Males","--","735,105","--","--","--"
"2017","Wisconsin","Females","--","703,566","--","--","--"
"2017","Wyoming","Males","--","77,876","--","--","--"
"2017","Wyoming","Females","--","72,920","--","--","--"
"2016","Alabama","Males","14**","624,147","2.24**","2.22**","787"
"2016","Alabama","Females","10**","602,167","1.66**","1.69**","577"
"2016","Alaska","Males","--","105,665","--","--","--"
"2016","Alaska","Females","0**","98,890","0.00**","0.00**","--"
"2016","Arizona","Males","22","931,503","2.36","2.35","1,291"
"2016","Arizona","Females","--","893,226","--","--","--"
"2016","Arkansas","Males","13**","401,766","3.24**","3.20**","762"
"2016","Arkansas","Females","--","383,041","--","--","--"
"2016","California","Males","62","5,172,678","1.20","1.18","3,537"
"2016","California","Females","23","4,951,171","0.47","0.46","1,346"
"2016","Colorado","Males","12**","720,196","1.67**","1.67**","684"
"2016","Colorado","Females","--","685,568","--","--","--"
"2016","Connecticut","Males","--","437,115","--","--","--"
"2016","Connecticut","Females","--","419,348","--","--","--"
"2016","Delaware","Males","0**","115,796","0.00**","0.00**","--"
"2016","Delaware","Females","0**","113,233","0.00**","0.00**","--"
"2016","District of Columbia","Males","0**","70,903","0.00**","0.00**","--"
"2016","District of Columbia","Females","0**","71,466","0.00**","0.00**","--"
"2016","Florida","Males","65","2,368,216","2.75","2.72","3,778"
"2016","Florida","Females","26","2,264,649","1.15","1.15","1,562"
"2016","Georgia","Males","40","1,422,096","2.81","2.82","2,232"
"2016","Georgia","Females","--","1,369,851","--","--","--"
"2016","Hawaii","Males","--","173,966","--","--","--"
"2016","Hawaii","Females","--","163,907","--","--","--"
"2016","Idaho","Males","--","246,849","--","--","--"
"2016","Idaho","Females","--","236,861","--","--","--"
"2016","Illinois","Males","18**","1,666,163","1.08**","1.08**","991"
"2016","Illinois","Females","--","1,595,685","--","--","--"
"2016","Indiana","Males","13**","900,468","1.44**","1.43**","702"
"2016","Indiana","Females","--","858,985","--","--","--"
"2016","Iowa","Males","--","420,573","--","--","--"
"2016","Iowa","Females","--","401,444","--","--","--"
"2016","Kansas","Males","--","409,102","--","--","--"
"2016","Kansas","Females","--","388,960","--","--","--"
"2016","Kentucky","Males","13**","576,668","2.25**","2.24**","745"
"2016","Kentucky","Females","--","548,987","--","--","--"
"2016","Louisiana","Males","21","626,928","3.35","3.33","1,180"
"2016","Louisiana","Females","14**","603,110","2.32**","2.27**","845"
"2016","Maine","Males","--","147,771","--","--","--"
"2016","Maine","Females","0**","139,974","0.00**","0.00**","--"
"2016","Maryland","Males","--","764,915","--","--","--"
"2016","Maryland","Females","--","735,275","--","--","--"
"2016","Massachusetts","Males","--","805,419","--","--","--"
"2016","Massachusetts","Females","--","780,223","--","--","--"
"2016","Michigan","Males","18**","1,260,398","1.43**","1.42**","979"
"2016","Michigan","Females","11**","1,204,455","0.91**","0.95**","672"
"2016","Minnesota","Males","10**","731,805","1.37**","1.37**","559"
"2016","Minnesota","Females","--","701,913","--","--","--"
"2016","Mississippi","Males","13**","410,042","3.17**","3.16**","698"
"2016","Mississippi","Females","--","394,735","--","--","--"
"2016","Missouri","Males","16**","789,692","2.03**","2.01**","867"
"2016","Missouri","Females","--","753,413","--","--","--"
"2016","Montana","Males","--","130,732","--","--","--"
"2016","Montana","Females","--","123,170","--","--","--"
"2016","Nebraska","Males","--","269,542","--","--","--"
"2016","Nebraska","Females","--","257,098","--","--","--"
"2016","Nevada","Males","--","379,031","--","--","--"
"2016","Nevada","Females","--","361,072","--","--","--"
"2016","New Hampshire","Males","0**","153,278","0.00**","0.00**","--"
"2016","New Hampshire","Females","0**","146,845","0.00**","0.00**","--"
"2016","New Jersey","Males","--","1,117,825","--","--","--"
"2016","New Jersey","Females","--","1,069,264","--","--","--"
"2016","New Mexico","Males","--","280,302","--","--","--"
"2016","New Mexico","Females","--","269,571","--","--","--"
"2016","New York","Males","18**","2,377,409","0.76**","0.75**","975"
"2016","New York","Females","--","2,278,651","--","--","--"
"2016","North Carolina","Males","22","1,310,590","1.68","1.67","1,213"
"2016","North Carolina","Females","--","1,261,631","--","--","--"
"2016","North Dakota","Males","--","101,528","--","--","--"
"2016","North Dakota","Females","0**","96,045","0.00**","0.00**","--"
"2016","Ohio","Males","18**","1,495,514","1.20**","1.20**","1,044"
"2016","Ohio","Females","10**","1,429,267","0.70**","0.71**","619"
"2016","Oklahoma","Males","17**","546,414","3.11**","3.07**","983"
"2016","Oklahoma","Females","--","520,843","--","--","--"
"2016","Oregon","Males","--","496,070","--","--","--"
"2016","Oregon","Females","--","472,514","--","--","--"
"2016","Pennsylvania","Males","17**","1,544,416","1.10**","1.10**","942"
"2016","Pennsylvania","Females","--","1,477,748","--","--","--"
"2016","Rhode Island","Males","--","124,054","--","--","--"
"2016","Rhode Island","Females","0**","120,087","0.00**","0.00**","--"
"2016","South Carolina","Males","15**","626,734","2.39**","2.38**","835"
"2016","South Carolina","Females","--","603,634","--","--","--"
"2016","South Dakota","Males","0**","121,804","0.00**","0.00**","--"
"2016","South Dakota","Females","--","115,221","--","--","--"
"2016","Tennessee","Males","25","850,828","2.94","2.92","1,361"
"2016","Tennessee","Females","--","816,330","--","--","--"
"2016","Texas","Males","94","4,128,458","2.28","2.26","5,378"
"2016","Texas","Females","29","3,958,933","0.73","0.72","1,773"
"2016","Utah","Males","--","518,004","--","--","--"
"2016","Utah","Females","--","492,579","--","--","--"
"2016","Vermont","Males","--","71,579","--","--","--"
"2016","Vermont","Females","--","67,619","--","--","--"
"2016","Virginia","Males","13**","1,068,099","1.22**","1.21**","721"
"2016","Virginia","Females","--","1,025,590","--","--","--"
"2016","Washington","Males","12**","925,661","1.30**","1.29**","655"
"2016","Washington","Females","--","882,217","--","--","--"
"2016","West Virginia","Males","--","214,695","--","--","--"
"2016","West Virginia","Females","--","203,835","--","--","--"
"2016","Wisconsin","Males","--","738,142","--","--","--"
"2016","Wisconsin","Females","--","706,096","--","--","--"
"2016","Wyoming","Males","0**","79,255","0.00**","0.00**","--"
"2016","Wyoming","Females","0**","74,236","0.00**","0.00**","--"
"2015","Alabama","Males","13**","625,580","2.08**","2.05**","693"
"2015","Alabama","Females","--","603,075","--","--","--"
"2015","Alaska","Males","--","105,453","--","--","--"
"2015","Alaska","Females","--","98,520","--","--","--"
"2015","Arizona","Males","16**","926,972","1.73**","1.72**","943"
"2015","Arizona","Females","--","888,171","--","--","--"
"2015","Arkansas","Males","--","401,717","--","--","--"
"2015","Arkansas","Females","--","383,159","--","--","--"
"2015","California","Males","61","5,195,432","1.17","1.16","3,445"
"2015","California","Females","21","4,972,661","0.42","0.42","1,274"
"2015","Colorado","Males","--","716,966","--","--","--"
"2015","Colorado","Females","--","681,738","--","--","--"
"2015","Connecticut","Males","--","442,955","--","--","--"
"2015","Connecticut","Females","--","424,308","--","--","--"
"2015","Delaware","Males","--","115,928","--","--","--"
"2015","Delaware","Females","--","112,796","--","--","--"
"2015","District of Columbia","Males","--","69,824","--","--","--"
"2015","District of Columbia","Females","0**","70,682","0.00**","0.00**","--"
"2015","Florida","Males","71","2,336,613","3.04","3.02","4,238"
"2015","Florida","Females","26","2,232,009","1.17","1.16","1,609"
"2015","Georgia","Males","34","1,415,216","2.40","2.41","1,914"
"2015","Georgia","Females","10**","1,362,220","0.73**","0.74**","616"
"2015","Hawaii","Males","--","174,423","--","--","--"
"2015","Hawaii","Females","--","164,537","--","--","--"
"2015","Idaho","Males","--","244,526","--","--","--"
"2015","Idaho","Females","--","233,990","--","--","--"
"2015","Illinois","Males","14**","1,684,766","0.83**","0.83**","802"
"2015","Illinois","Females","--","1,613,732","--","--","--"
"2015","Indiana","Males","14**","900,728","1.55**","1.53**","733"
"2015","Indiana","Females","--","860,048","--","--","--"
"2015","Iowa","Males","--","420,221","--","--","--"
"2015","Iowa","Females","--","401,074","--","--","--"
"2015","Kansas","Males","--","411,067","--","--","--"
"2015","Kansas","Females","--","390,582","--","--","--"
"2015","Kentucky","Males","13**","577,424","2.25**","2.24**","687"
"2015","Kentucky","Females","--","549,127","--","--","--"
"2015","Louisiana","Males","26","627,129","4.15","4.12","1,458"
"2015","Louisiana","Females","--","602,840","--","--","--"
"2015","Maine","Males","--","148,901","--","--","--"
"2015","Maine","Females","--","141,037","--","--","--"
"2015","Maryland","Males","--","765,420","--","--","--"
"2015","Maryland","Females","--","736,123","--","--","--"
"2015","Massachusetts","Males","--","809,621","--","--","--"
"2015","Massachusetts","Females","--","783,910","--","--","--"
"2015","Michigan","Males","17**","1,268,572","1.34**","1.33**","933"
"2015","Michigan","Females","--","1,212,511","--","--","--"
"2015","Minnesota","Males","--","728,417","--","--","--"
"2015","Minnesota","Females","--","698,988","--","--","--"
"2015","Mississippi","Males","14**","412,797","3.39**","3.43**","811"
"2015","Mississippi","Females","--","397,126","--","--","--"
"2015","Missouri","Males","--","791,785","--","--","--"
"2015","Missouri","Females","--","755,191","--","--","--"
"2015","Montana","Males","--","129,942","--","--","--"
"2015","Montana","Females","--","122,584","--","--","--"
"2015","Nebraska","Males","--","267,930","--","--","--"
"2015","Nebraska","Females","--","255,390","--","--","--"
"2015","Nevada","Males","16**","375,028","4.27**","4.28**","896"
"2015","Nevada","Females","--","357,025","--","--","--"
"2015","New Hampshire","Males","--","154,666","--","--","--"
"2015","New Hampshire","Females","0**","148,354","0.00**","0.00**","--"
"2015","New Jersey","Males","--","1,124,823","--","--","--"
"2015","New Jersey","Females","--","1,076,465","--","--","--"
"2015","New Mexico","Males","--","282,695","--","--","--"
"2015","New Mexico","Females","--","271,728","--","--","--"
"2015","New York","Males","19**","2,396,608","0.79**","0.77**","1,051"
"2015","New York","Females","--","2,299,048","--","--","--"
"2015","North Carolina","Males","17**","1,303,784","1.30**","1.31**","961"
"2015","North Carolina","Females","--","1,252,696","--","--","--"
"2015","North Dakota","Males","--","100,946","--","--","--"
"2015","North Dakota","Females","--","95,682","--","--","--"
"2015","Ohio","Males","18**","1,502,285","1.20**","1.19**","1,024"
"2015","Ohio","Females","10**","1,436,480","0.70**","0.70**","585"
"2015","Oklahoma","Males","15**","545,186","2.75**","2.73**","844"
"2015","Oklahoma","Females","--","519,393","--","--","--"
"2015","Oregon","Males","10**","491,931","2.03**","2.01**","512"
"2015","Oregon","Females","--","468,672","--","--","--"
"2015","Pennsylvania","Males","20**","1,553,859","1.29**","1.26**","1,084"
"2015","Pennsylvania","Females","--","1,487,061","--","--","--"
"2015","Rhode Island","Males","--","124,898","--","--","--"
"2015","Rhode Island","Females","--","120,951","--","--","--"
"2015","South Carolina","Males","13**","622,622","2.09**","2.08**","738"
"2015","South Carolina","Females","--","599,541","--","--","--"
"2015","South Dakota","Males","--","120,610","--","--","--"
"2015","South Dakota","Females","--","113,973","--","--","--"
"2015","Tennessee","Males","12**","848,792","1.41**","1.41**","652"
"2015","Tennessee","Females","--","813,557","--","--","--"
"2015","Texas","Males","70","4,085,933","1.71","1.69","4,054"
"2015","Texas","Females","19**","3,915,561","0.49**","0.48**","1,089"
"2015","Utah","Males","--","511,351","--","--","--"
"2015","Utah","Females","--","486,493","--","--","--"
"2015","Vermont","Males","0**","72,633","0.00**","0.00**","--"
"2015","Vermont","Females","0**","68,482","0.00**","0.00**","--"
"2015","Virginia","Males","16**","1,066,682","1.50**","1.48**","875"
"2015","Virginia","Females","11**","1,023,278","1.08**","1.08**","644"
"2015","Washington","Males","15**","914,828","1.64**","1.65**","770"
"2015","Washington","Females","--","872,100","--","--","--"
"2015","West Virginia","Males","--","216,836","--","--","--"
"2015","West Virginia","Females","--","206,046","--","--","--"
"2015","Wisconsin","Males","10**","742,398","1.35**","1.34**","550"
"2015","Wisconsin","Females","--","709,642","--","--","--"
"2015","Wyoming","Males","--","79,566","--","--","--"
"2015","Wyoming","Females","--","74,768","--","--","--"
"2014","Alabama","Males","21","627,605","3.35","3.33","1,128"
"2014","Alabama","Females","--","604,832","--","--","--"
"2014","Alaska","Males","--","106,165","--","--","--"
"2014","Alaska","Females","--","99,084","--","--","--"
"2014","Arizona","Males","21","923,425","2.27","2.28","1,223"
"2014","Arizona","Females","--","884,737","--","--","--"
"2014","Arkansas","Males","13**","401,752","3.24**","3.23**","694"
"2014","Arkansas","Females","0**","383,495","0.00**","0.00**","--"
"2014","California","Males","66","5,211,384","1.27","1.25","3,785"
"2014","California","Females","22","4,988,529","0.44","0.44","1,342"
"2014","Colorado","Males","10**","711,207","1.41**","1.41**","593"
"2014","Colorado","Females","--","676,231","--","--","--"
"2014","Connecticut","Males","--","449,294","--","--","--"
"2014","Connecticut","Females","0**","430,088","0.00**","0.00**","--"
"2014","Delaware","Males","--","116,020","--","--","--"
"2014","Delaware","Females","--","112,720","--","--","--"
"2014","District of Columbia","Males","0**","68,238","0.00**","0.00**","--"
"2014","District of Columbia","Females","0**","69,133","0.00**","0.00**","--"
"2014","Florida","Males","65","2,312,531","2.81","2.81","3,818"
"2014","Florida","Females","28","2,208,018","1.27","1.27","1,730"
"2014","Georgia","Males","40","1,411,234","2.83","2.84","2,211"
"2014","Georgia","Females","16**","1,356,853","1.18**","1.18**","941"
"2014","Hawaii","Males","--","174,532","--","--","--"
"2014","Hawaii","Females","--","164,503","--","--","--"
"2014","Idaho","Males","--","243,292","--","--","--"
"2014","Idaho","Females","--","232,462","--","--","--"
"2014","Illinois","Males","17**","1,703,772","1.00**","1.00**","987"
"2014","Illinois","Females","11**","1,632,585","0.67**","0.68**","673"
"2014","Indiana","Males","20**","904,086","2.21**","2.22**","1,112"
"2014","Indiana","Females","--","862,877","--","--","--"
"2014","Iowa","Males","--","419,784","--","--","--"
"2014","Iowa","Females","--","400,781","--","--","--"
"2014","Kansas","Males","--","412,506","--","--","--"
"2014","Kansas","Females","--","391,674","--","--","--"
"2014","Kentucky","Males","12**","578,402","2.08**","2.07**","649"
"2014","Kentucky","Females","--","549,967","--","--","--"
"2014","Louisiana","Males","23","627,291","3.67","3.58","1,365"
"2014","Louisiana","Females","--","602,872","--","--","--"
"2014","Maine","Males","--","150,989","--","--","--"
"2014","Maine","Females","--","142,732","--","--","--"
"2014","Maryland","Males","10**","767,306","1.30**","1.29**","556"
"2014","Maryland","Females","--","737,360","--","--","--"
"2014","Massachusetts","Males","--","814,281","--","--","--"
"2014","Massachusetts","Females","0**","787,932","0.00**","0.00**","--"
"2014","Michigan","Males","11**","1,282,136","0.86**","0.83**","573"
"2014","Michigan","Females","--","1,224,119","--","--","--"
"2014","Minnesota","Males","--","728,260","--","--","--"
"2014","Minnesota","Females","0**","698,326","0.00**","0.00**","--"
"2014","Mississippi","Males","14**","416,089","3.37**","3.37**","788"
"2014","Mississippi","Females","--","400,095","--","--","--"
"2014","Missouri","Males","17**","794,453","2.14**","2.12**","914"
"2014","Missouri","Females","--","757,264","--","--","--"
"2014","Montana","Males","--","129,558","--","--","--"
"2014","Montana","Females","--","122,136","--","--","--"
"2014","Nebraska","Males","--","266,388","--","--","--"
"2014","Nebraska","Females","--","254,252","--","--","--"
"2014","Nevada","Males","--","371,710","--","--","--"
"2014","Nevada","Females","--","353,708","--","--","--"
"2014","New Hampshire","Males","0**","156,502","0.00**","0.00**","--"
"2014","New Hampshire","Females","0**","150,540","0.00**","0.00**","--"
"2014","New Jersey","Males","--","1,134,736","--","--","--"
"2014","New Jersey","Females","--","1,084,619","--","--","--"
"2014","New Mexico","Males","--","285,810","--","--","--"
"2014","New Mexico","Females","--","274,212","--","--","--"
"2014","New York","Males","14**","2,416,902","0.58**","0.57**","786"
"2014","New York","Females","--","2,317,322","--","--","--"
"2014","North Carolina","Males","34","1,302,247","2.61","2.61","1,885"
"2014","North Carolina","Females","--","1,250,399","--","--","--"
"2014","North Dakota","Males","--","98,176","--","--","--"
"2014","North Dakota","Females","0**","92,946","0.00**","0.00**","--"
"2014","Ohio","Males","22","1,510,334","1.46","1.46","1,246"
"2014","Ohio","Females","--","1,444,059","--","--","--"
"2014","Oklahoma","Males","14**","541,782","2.58**","2.56**","799"
"2014","Oklahoma","Females","--","515,457","--","--","--"
"2014","Oregon","Males","--","490,020","--","--","--"
"2014","Oregon","Females","--","467,380","--","--","--"
"2014","Pennsylvania","Males","17**","1,564,740","1.09**","1.06**","902"
"2014","Pennsylvania","Females","--","1,497,682","--","--","--"
"2014","Rhode Island","Males","--","126,013","--","--","--"
"2014","Rhode Island","Females","0**","122,062","0.00**","0.00**","--"
"2014","South Carolina","Males","13**","618,368","2.10**","2.08**","670"
"2014","South Carolina","Females","--","595,161","--","--","--"
"2014","South Dakota","Males","--","119,945","--","--","--"
"2014","South Dakota","Females","--","113,549","--","--","--"
"2014","Tennessee","Males","18**","847,754","2.12**","2.12**","971"
"2014","Tennessee","Females","--","812,069","--","--","--"
"2014","Texas","Males","70","4,034,821","1.74","1.73","3,907"
"2014","Texas","Females","20**","3,863,615","0.52**","0.51**","1,187"
"2014","Utah","Males","--","507,510","--","--","--"
"2014","Utah","Females","--","482,202","--","--","--"
"2014","Vermont","Males","0**","73,378","0.00**","0.00**","--"
"2014","Vermont","Females","0**","69,342","0.00**","0.00**","--"
"2014","Virginia","Males","--","1,066,447","--","--","--"
"2014","Virginia","Females","--","1,023,163","--","--","--"
"2014","Washington","Males","14**","908,763","1.54**","1.55**","717"
"2014","Washington","Females","--","865,884","--","--","--"
"2014","West Virginia","Males","--","218,722","--","--","--"
"2014","West Virginia","Females","--","207,664","--","--","--"
"2014","Wisconsin","Males","11**","746,815","1.47**","1.48**","613"
"2014","Wisconsin","Females","--","713,881","--","--","--"
"2014","Wyoming","Males","--","78,754","--","--","--"
"2014","Wyoming","Females","--","74,396","--","--","--"
"2013","Alabama","Males","12**","631,672","1.90**","1.91**","686"
"2013","Alabama","Females","--","608,256","--","--","--"
"2013","Alaska","Males","--","107,136","--","--","--"
"2013","Alaska","Females","0**","100,025","0.00**","0.00**","--"
"2013","Arizona","Males","13**","920,187","1.41**","1.41**","805"
"2013","Arizona","Females","--","881,348","--","--","--"
"2013","Arkansas","Males","11**","402,847","2.73**","2.73**","599"
"2013","Arkansas","Females","--","384,650","--","--","--"
"2013","California","Males","70","5,234,214","1.34","1.32","4,058"
"2013","California","Females","23","5,006,413","0.46","0.45","1,370"
"2013","Colorado","Males","--","707,762","--","--","--"
"2013","Colorado","Females","--","672,417","--","--","--"
"2013","Connecticut","Males","--","454,728","--","--","--"
"2013","Connecticut","Females","--","435,843","--","--","--"
"2013","Delaware","Males","--","116,458","--","--","--"
"2013","Delaware","Females","0**","113,124","0.00**","0.00**","--"
"2013","District of Columbia","Males","0**","66,709","0.00**","0.00**","--"
"2013","District of Columbia","Females","0**","67,729","0.00**","0.00**","--"
"2013","Florida","Males","73","2,300,956","3.17","3.18","4,281"
"2013","Florida","Females","27","2,195,144","1.23","1.24","1,671"
"2013","Georgia","Males","22","1,410,754","1.56","1.56","1,221"
"2013","Georgia","Females","--","1,355,670","--","--","--"
"2013","Hawaii","Males","--","175,415","--","--","--"
"2013","Hawaii","Females","--","165,372","--","--","--"
"2013","Idaho","Males","--","241,980","--","--","--"
"2013","Idaho","Females","--","231,115","--","--","--"
"2013","Illinois","Males","14**","1,725,051","0.81**","0.82**","813"
"2013","Illinois","Females","--","1,652,720","--","--","--"
"2013","Indiana","Males","10**","907,234","1.10**","1.11**","593"
"2013","Indiana","Females","--","865,922","--","--","--"
"2013","Iowa","Males","--","418,838","--","--","--"
"2013","Iowa","Females","--","399,613","--","--","--"
"2013","Kansas","Males","10**","413,852","2.42**","2.44**","506"
"2013","Kansas","Females","--","392,947","--","--","--"
"2013","Kentucky","Males","--","581,084","--","--","--"
"2013","Kentucky","Females","--","552,072","--","--","--"
"2013","Louisiana","Males","15**","628,729","2.39**","2.38**","828"
"2013","Louisiana","Females","--","603,876","--","--","--"
"2013","Maine","Males","--","152,804","--","--","--"
"2013","Maine","Females","0**","144,056","0.00**","0.00**","--"
"2013","Maryland","Males","--","767,978","--","--","--"
"2013","Maryland","Females","--","737,508","--","--","--"
"2013","Massachusetts","Males","--","817,955","--","--","--"
"2013","Massachusetts","Females","--","790,759","--","--","--"
"2013","Michigan","Males","21","1,296,103","1.62","1.61","1,142"
"2013","Michigan","Females","--","1,235,990","--","--","--"
"2013","Minnesota","Males","--","727,604","--","--","--"
"2013","Minnesota","Females","--","696,974","--","--","--"
"2013","Mississippi","Males","11**","419,560","2.62**","2.63**","644"
"2013","Mississippi","Females","--","403,105","--","--","--"
"2013","Missouri","Males","10**","798,829","1.25**","1.25**","549"
"2013","Missouri","Females","--","760,775","--","--","--"
"2013","Montana","Males","--","129,195","--","--","--"
"2013","Montana","Females","0**","121,870","0.00**","0.00**","--"
"2013","Nebraska","Males","--","265,308","--","--","--"
"2013","Nebraska","Females","0**","252,939","0.00**","0.00**","--"
"2013","Nevada","Males","--","369,816","--","--","--"
"2013","Nevada","Females","--","352,217","--","--","--"
"2013","New Hampshire","Males","--","158,717","--","--","--"
"2013","New Hampshire","Females","0**","152,656","0.00**","0.00**","--"
"2013","New Jersey","Males","--","1,144,052","--","--","--"
"2013","New Jersey","Females","0**","1,092,864","0.00**","0.00**","--"
"2013","New Mexico","Males","--","289,329","--","--","--"
"2013","New Mexico","Females","--","277,802","--","--","--"
"2013","New York","Males","17**","2,440,472","0.70**","0.68**","918"
"2013","New York","Females","--","2,338,650","--","--","--"
"2013","North Carolina","Males","24","1,304,035","1.84","1.84","1,287"
"2013","North Carolina","Females","--","1,249,798","--","--","--"
"2013","North Dakota","Males","0**","95,443","0.00**","0.00**","--"
"2013","North Dakota","Females","0**","90,513","0.00**","0.00**","--"
"2013","Ohio","Males","24","1,518,980","1.58","1.59","1,361"
"2013","Ohio","Females","--","1,451,840","--","--","--"
"2013","Oklahoma","Males","20**","539,663","3.71**","3.69**","1,108"
"2013","Oklahoma","Females","--","513,236","--","--","--"
"2013","Oregon","Males","12**","489,022","2.45**","2.44**","667"
"2013","Oregon","Females","--","466,453","--","--","--"
"2013","Pennsylvania","Males","22","1,576,996","1.40","1.38","1,235"
"2013","Pennsylvania","Females","--","1,509,120","--","--","--"
"2013","Rhode Island","Males","--","127,487","--","--","--"
"2013","Rhode Island","Females","0**","123,368","0.00**","0.00**","--"
"2013","South Carolina","Males","15**","616,671","2.43**","2.42**","835"
"2013","South Carolina","Females","--","592,885","--","--","--"
"2013","South Dakota","Males","--","119,055","--","--","--"
"2013","South Dakota","Females","--","112,720","--","--","--"
"2013","Tennessee","Males","15**","847,515","1.77**","1.77**","840"
"2013","Tennessee","Females","--","812,573","--","--","--"
"2013","Texas","Males","69","3,989,134","1.73","1.71","3,985"
"2013","Texas","Females","28","3,817,872","0.73","0.72","1,647"
"2013","Utah","Males","--","504,299","--","--","--"
"2013","Utah","Females","--","479,329","--","--","--"
"2013","Vermont","Males","--","74,520","--","--","--"
"2013","Vermont","Females","0**","70,367","0.00**","0.00**","--"
"2013","Virginia","Males","15**","1,067,711","1.41**","1.39**","789"
"2013","Virginia","Females","--","1,024,133","--","--","--"
"2013","Washington","Males","18**","904,856","1.99**","1.99**","943"
"2013","Washington","Females","--","863,003","--","--","--"
"2013","West Virginia","Males","--","220,150","--","--","--"
"2013","West Virginia","Females","--","208,887","--","--","--"
"2013","Wisconsin","Males","--","751,687","--","--","--"
"2013","Wisconsin","Females","--","718,830","--","--","--"
"2013","Wyoming","Males","0**","78,930","0.00**","0.00**","--"
"2013","Wyoming","Females","--","74,408","--","--","--"
"2012","Alabama","Males","28","637,216","4.39","4.40","1,587"
"2012","Alabama","Females","10**","611,599","1.64**","1.65**","599"
"2012","Alaska","Males","--","107,153","--","--","--"
"2012","Alaska","Females","--","100,322","--","--","--"
"2012","Arizona","Males","21","920,127","2.28","2.27","1,197"
"2012","Arizona","Females","10**","880,337","1.14**","1.13**","610"
"2012","Arkansas","Males","18**","404,568","4.45**","4.44**","991"
"2012","Arkansas","Females","--","386,108","--","--","--"
"2012","California","Males","45","5,262,944","0.86","0.85","2,575"
"2012","California","Females","31","5,025,879","0.62","0.61","1,882"
"2012","Colorado","Males","--","706,021","--","--","--"
"2012","Colorado","Females","--","670,077","--","--","--"
"2012","Connecticut","Males","--","461,712","--","--","--"
"2012","Connecticut","Females","--","441,991","--","--","--"
"2012","Delaware","Males","--","117,347","--","--","--"
"2012","Delaware","Females","0**","113,758","0.00**","0.00**","--"
"2012","District of Columbia","Males","0**","64,744","0.00**","0.00**","--"
"2012","District of Columbia","Females","0**","65,793","0.00**","0.00**","--"
"2012","Florida","Males","67","2,294,099","2.92","2.93","4,026"
"2012","Florida","Females","24","2,187,217","1.10","1.10","1,446"
"2012","Georgia","Males","24","1,414,992","1.70","1.69","1,355"
"2012","Georgia","Females","11**","1,357,063","0.81**","0.81**","664"
"2012","Hawaii","Males","--","175,002","--","--","--"
"2012","Hawaii","Females","0**","165,072","0.00**","0.00**","--"
"2012","Idaho","Males","--","241,793","--","--","--"
"2012","Idaho","Females","--","230,633","--","--","--"
"2012","Illinois","Males","23","1,745,874","1.32","1.32","1,285"
"2012","Illinois","Females","--","1,671,946","--","--","--"
"2012","Indiana","Males","14**","910,350","1.54**","1.53**","767"
"2012","Indiana","Females","--","868,168","--","--","--"
"2012","Iowa","Males","--","418,688","--","--","--"
"2012","Iowa","Females","--","398,517","--","--","--"
"2012","Kansas","Males","--","415,343","--","--","--"
"2012","Kansas","Females","--","394,188","--","--","--"
"2012","Kentucky","Males","13**","581,681","2.24**","2.22**","741"
"2012","Kentucky","Females","--","553,058","--","--","--"
"2012","Louisiana","Males","12**","631,154","1.90**","1.90**","670"
"2012","Louisiana","Females","10**","605,913","1.65**","1.59**","615"
"2012","Maine","Males","--","154,845","--","--","--"
"2012","Maine","Females","0**","146,156","0.00**","0.00**","--"
"2012","Maryland","Males","13**","771,286","1.69**","1.70**","762"
"2012","Maryland","Females","--","740,024","--","--","--"
"2012","Massachusetts","Males","--","821,568","--","--","--"
"2012","Massachusetts","Females","--","793,047","--","--","--"
"2012","Michigan","Males","33","1,311,842","2.52","2.49","1,808"
"2012","Michigan","Females","11**","1,249,435","0.88**","0.91**","653"
"2012","Minnesota","Males","14**","728,651","1.92**","1.91**","784"
"2012","Minnesota","Females","--","697,651","--","--","--"
"2012","Mississippi","Males","14**","423,415","3.31**","3.29**","789"
"2012","Mississippi","Females","--","406,440","--","--","--"
"2012","Missouri","Males","--","804,337","--","--","--"
"2012","Missouri","Females","--","766,116","--","--","--"
"2012","Montana","Males","--","128,474","--","--","--"
"2012","Montana","Females","--","121,522","--","--","--"
"2012","Nebraska","Males","--","264,175","--","--","--"
"2012","Nebraska","Females","--","252,438","--","--","--"
"2012","Nevada","Males","--","369,312","--","--","--"
"2012","Nevada","Females","--","351,654","--","--","--"
"2012","New Hampshire","Males","0**","161,394","0.00**","0.00**","--"
"2012","New Hampshire","Females","--","155,060","--","--","--"
"2012","New Jersey","Males","12**","1,155,305","1.04**","1.02**","638"
"2012","New Jersey","Females","--","1,102,420","--","--","--"
"2012","New Mexico","Males","--","292,096","--","--","--"
"2012","New Mexico","Females","0**","280,460","0.00**","0.00**","--"
"2012","New York","Males","26","2,461,745","1.06","1.04","1,442"
"2012","New York","Females","--","2,356,818","--","--","--"
"2012","North Carolina","Males","25","1,306,325","1.91","1.91","1,388"
"2012","North Carolina","Females","--","1,249,400","--","--","--"
"2012","North Dakota","Males","0**","92,425","0.00**","0.00**","--"
"2012","North Dakota","Females","--","87,433","--","--","--"
"2012","Ohio","Males","30","1,529,361","1.96","1.96","1,708"
"2012","Ohio","Females","--","1,461,361","--","--","--"
"2012","Oklahoma","Males","23","536,204","4.29","4.26","1,290"
"2012","Oklahoma","Females","--","509,850","--","--","--"
"2012","Oregon","Males","10**","491,763","2.03**","2.03**","557"
"2012","Oregon","Females","--","468,922","--","--","--"
"2012","Pennsylvania","Males","29","1,592,162","1.82","1.78","1,562"
"2012","Pennsylvania","Females","--","1,523,580","--","--","--"
"2012","Rhode Island","Males","--","129,365","--","--","--"
"2012","Rhode Island","Females","0**","124,997","0.00**","0.00**","--"
"2012","South Carolina","Males","13**","617,664","2.11**","2.06**","665"
"2012","South Carolina","Females","--","593,829","--","--","--"
"2012","South Dakota","Males","--","118,251","--","--","--"
"2012","South Dakota","Females","--","111,768","--","--","--"
"2012","Tennessee","Males","18**","849,417","2.12**","2.11**","971"
"2012","Tennessee","Females","--","813,329","--","--","--"
"2012","Texas","Males","55","3,960,463","1.39","1.38","3,127"
"2012","Texas","Females","24","3,784,239","0.63","0.62","1,455"
"2012","Utah","Males","--","499,158","--","--","--"
"2012","Utah","Females","--","474,556","--","--","--"
"2012","Vermont","Males","0**","75,481","0.00**","0.00**","--"
"2012","Vermont","Females","0**","71,444","0.00**","0.00**","--"
"2012","Virginia","Males","14**","1,068,011","1.31**","1.30**","728"
"2012","Virginia","Females","--","1,024,369","--","--","--"
"2012","Washington","Males","21","904,317","2.32","2.31","1,111"
"2012","Washington","Females","--","861,392","--","--","--"
"2012","West Virginia","Males","--","221,653","--","--","--"
"2012","West Virginia","Females","--","210,030","--","--","--"
"2012","Wisconsin","Males","15**","757,311","1.98**","1.96**","833"
"2012","Wisconsin","Females","--","723,649","--","--","--"
"2012","Wyoming","Males","--","78,116","--","--","--"
"2012","Wyoming","Females","--","73,750","--","--","--"
"2011","Alabama","Males","20**","642,788","3.11**","3.08**","1,117"
"2011","Alabama","Females","--","616,260","--","--","--"
"2011","Alaska","Males","--","107,633","--","--","--"
"2011","Alaska","Females","--","100,784","--","--","--"
"2011","Arizona","Males","19**","920,538","2.06**","2.04**","1,132"
"2011","Arizona","Females","12**","880,699","1.36**","1.34**","720"
"2011","Arkansas","Males","--","405,575","--","--","--"
"2011","Arkansas","Females","--","387,683","--","--","--"
"2011","California","Males","64","5,300,376","1.21","1.19","3,721"
"2011","California","Females","20**","5,054,061","0.40**","0.39**","1,249"
"2011","Colorado","Males","--","704,829","--","--","--"
"2011","Colorado","Females","--","669,002","--","--","--"
"2011","Connecticut","Males","--","466,472","--","--","--"
"2011","Connecticut","Females","0**","445,579","0.00**","0.00**","--"
"2011","Delaware","Males","--","117,742","--","--","--"
"2011","Delaware","Females","0**","114,225","0.00**","0.00**","--"
"2011","District of Columbia","Males","0**","63,079","0.00**","0.00**","--"
"2011","District of Columbia","Females","0**","63,793","0.00**","0.00**","--"
"2011","Florida","Males","54","2,296,732","2.35","2.36","3,246"
"2011","Florida","Females","32","2,188,515","1.46","1.47","1,959"
"2011","Georgia","Males","27","1,417,467","1.91","1.90","1,510"
"2011","Georgia","Females","10**","1,357,877","0.74**","0.73**","586"
"2011","Hawaii","Males","--","174,687","--","--","--"
"2011","Hawaii","Females","--","164,472","--","--","--"
"2011","Idaho","Males","--","242,623","--","--","--"
"2011","Idaho","Females","--","231,345","--","--","--"
"2011","Illinois","Males","29","1,766,525","1.64","1.64","1,627"
"2011","Illinois","Females","--","1,690,188","--","--","--"
"2011","Indiana","Males","19**","917,453","2.07**","2.08**","1,127"
"2011","Indiana","Females","--","875,154","--","--","--"
"2011","Iowa","Males","--","420,254","--","--","--"
"2011","Iowa","Females","--","400,076","--","--","--"
"2011","Kansas","Males","--","416,328","--","--","--"
"2011","Kansas","Females","--","394,735","--","--","--"
"2011","Kentucky","Males","13**","584,886","2.22**","2.21**","747"
"2011","Kentucky","Females","--","556,222","--","--","--"
"2011","Louisiana","Males","23","634,509","3.63","3.60","1,292"
"2011","Louisiana","Females","--","609,150","--","--","--"
"2011","Maine","Males","--","157,212","--","--","--"
"2011","Maine","Females","0**","148,348","0.00**","0.00**","--"
"2011","Maryland","Males","--","773,541","--","--","--"
"2011","Maryland","Females","--","742,020","--","--","--"
"2011","Massachusetts","Males","--","825,312","--","--","--"
"2011","Massachusetts","Females","--","795,565","--","--","--"
"2011","Michigan","Males","21","1,329,827","1.58","1.54","1,116"
"2011","Michigan","Females","--","1,266,351","--","--","--"
"2011","Minnesota","Males","--","731,541","--","--","--"
"2011","Minnesota","Females","--","700,087","--","--","--"
"2011","Mississippi","Males","15**","427,810","3.51**","3.46**","783"
"2011","Mississippi","Females","--","410,105","--","--","--"
"2011","Missouri","Males","21","811,696","2.59","2.56","1,217"
"2011","Missouri","Females","0**","773,435","0.00**","0.00**","--"
"2011","Montana","Males","--","129,044","--","--","--"
"2011","Montana","Females","--","121,931","--","--","--"
"2011","Nebraska","Males","--","263,653","--","--","--"
"2011","Nebraska","Females","--","251,772","--","--","--"
"2011","Nevada","Males","10**","370,923","2.70**","2.68**","561"
"2011","Nevada","Females","--","352,989","--","--","--"
"2011","New Hampshire","Males","--","163,960","--","--","--"
"2011","New Hampshire","Females","0**","157,458","0.00**","0.00**","--"
"2011","New Jersey","Males","13**","1,166,756","1.11**","1.12**","757"
"2011","New Jersey","Females","--","1,111,254","--","--","--"
"2011","New Mexico","Males","--","294,434","--","--","--"
"2011","New Mexico","Females","--","283,388","--","--","--"
"2011","New York","Males","17**","2,481,868","0.69**","0.67**","908"
"2011","New York","Females","--","2,374,178","--","--","--"
"2011","North Carolina","Males","24","1,308,967","1.83","1.81","1,309"
"2011","North Carolina","Females","--","1,249,590","--","--","--"
"2011","North Dakota","Males","0**","90,064","0.00**","0.00**","--"
"2011","North Dakota","Females","0**","85,178","0.00**","0.00**","--"
"2011","Ohio","Males","18**","1,546,024","1.16**","1.16**","1,026"
"2011","Ohio","Females","10**","1,478,429","0.68**","0.69**","620"
"2011","Oklahoma","Males","14**","535,121","2.62**","2.56**","787"
"2011","Oklahoma","Females","--","509,228","--","--","--"
"2011","Oregon","Males","--","494,606","--","--","--"
"2011","Oregon","Females","--","471,666","--","--","--"
"2011","Pennsylvania","Males","28","1,607,767","1.74","1.72","1,526"
"2011","Pennsylvania","Females","--","1,538,272","--","--","--"
"2011","Rhode Island","Males","--","131,069","--","--","--"
"2011","Rhode Island","Females","--","126,464","--","--","--"
"2011","South Carolina","Males","17**","619,524","2.74**","2.68**","924"
"2011","South Carolina","Females","--","594,923","--","--","--"
"2011","South Dakota","Males","--","117,668","--","--","--"
"2011","South Dakota","Females","0**","111,137","0.00**","0.00**","--"
"2011","Tennessee","Males","11**","850,919","1.29**","1.29**","626"
"2011","Tennessee","Females","--","814,319","--","--","--"
"2011","Texas","Males","86","3,933,734","2.19","2.16","4,906"
"2011","Texas","Females","32","3,755,291","0.85","0.83","1,928"
"2011","Utah","Males","16**","496,490","3.22**","3.24**","882"
"2011","Utah","Females","--","472,733","--","--","--"
"2011","Vermont","Males","--","76,624","--","--","--"
"2011","Vermont","Females","0**","72,458","0.00**","0.00**","--"
"2011","Virginia","Males","--","1,066,305","--","--","--"
"2011","Virginia","Females","--","1,021,530","--","--","--"
"2011","Washington","Males","14**","906,115","1.55**","1.53**","732"
"2011","Washington","Females","--","861,763","--","--","--"
"2011","West Virginia","Males","--","222,981","--","--","--"
"2011","West Virginia","Females","--","211,462","--","--","--"
"2011","Wisconsin","Males","13**","763,440","1.70**","1.69**","718"
"2011","Wisconsin","Females","--","729,009","--","--","--"
"2011","Wyoming","Males","--","77,665","--","--","--"
"2011","Wyoming","Females","--","73,160","--","--","--"
"2010","Alabama","Males","15**","651,178","2.30**","2.26**","808"
"2010","Alabama","Females","--","625,139","--","--","--"
"2010","Alaska","Males","--","107,260","--","--","--"
"2010","Alaska","Females","0**","100,580","0.00**","0.00**","--"
"2010","Arizona","Males","20**","930,090","2.15**","2.08**","1,233"
"2010","Arizona","Females","11**","889,558","1.24**","1.21**","656"
"2010","Arkansas","Males","11**","406,903","2.70**","2.68**","600"
"2010","Arkansas","Females","--","389,045","--","--","--"
"2010","California","Males","62","5,354,639","1.16","1.14","3,607"
"2010","California","Females","21","5,097,434","0.41","0.41","1,263"
"2010","Colorado","Males","12**","700,064","1.71**","1.70**","658"
"2010","Colorado","Females","--","664,627","--","--","--"
"2010","Connecticut","Males","--","469,117","--","--","--"
"2010","Connecticut","Females","--","446,671","--","--","--"
"2010","Delaware","Males","--","118,801","--","--","--"
"2010","Delaware","Females","--","115,008","--","--","--"
"2010","District of Columbia","Males","0**","61,329","0.00**","0.00**","--"
"2010","District of Columbia","Females","--","62,401","--","--","--"
"2010","Florida","Males","75","2,309,155","3.25","3.26","4,496"
"2010","Florida","Females","25","2,204,011","1.13","1.14","1,523"
"2010","Georgia","Males","38","1,420,311","2.68","2.67","2,101"
"2010","Georgia","Females","10**","1,361,570","0.73**","0.73**","583"
"2010","Hawaii","Males","--","174,155","--","--","--"
"2010","Hawaii","Females","--","164,142","--","--","--"
"2010","Idaho","Males","--","243,397","--","--","--"
"2010","Idaho","Females","--","231,887","--","--","--"
"2010","Illinois","Males","21","1,787,399","1.18","1.16","1,121"
"2010","Illinois","Females","--","1,709,264","--","--","--"
"2010","Indiana","Males","18**","924,012","1.95**","1.94**","981"
"2010","Indiana","Females","--","882,598","--","--","--"
"2010","Iowa","Males","10**","420,657","2.38**","2.35**","555"
"2010","Iowa","Females","--","399,874","--","--","--"
"2010","Kansas","Males","11**","415,828","2.65**","2.62**","607"
"2010","Kansas","Females","--","394,815","--","--","--"
"2010","Kentucky","Males","--","586,945","--","--","--"
"2010","Kentucky","Females","--","559,241","--","--","--"
"2010","Louisiana","Males","20**","639,149","3.13**","3.06**","1,107"
"2010","Louisiana","Females","--","615,100","--","--","--"
"2010","Maine","Males","--","159,883","--","--","--"
"2010","Maine","Females","0**","151,075","0.00**","0.00**","--"
"2010","Maryland","Males","13**","774,101","1.68**","1.66**","699"
"2010","Maryland","Females","0**","742,533","0.00**","0.00**","--"
"2010","Massachusetts","Males","--","826,492","--","--","--"
"2010","Massachusetts","Females","--","794,711","--","--","--"
"2010","Michigan","Males","24","1,355,849","1.77","1.74","1,306"
"2010","Michigan","Females","--","1,293,195","--","--","--"
"2010","Minnesota","Males","--","731,906","--","--","--"
"2010","Minnesota","Females","--","699,304","--","--","--"
"2010","Mississippi","Males","11**","433,299","2.54**","2.49**","629"
"2010","Mississippi","Females","--","416,248","--","--","--"
"2010","Missouri","Males","17**","819,276","2.08**","2.04**","915"
"2010","Missouri","Females","--","782,141","--","--","--"
"2010","Montana","Males","--","129,193","--","--","--"
"2010","Montana","Females","--","121,837","--","--","--"
"2010","Nebraska","Males","--","262,232","--","--","--"
"2010","Nebraska","Females","--","250,228","--","--","--"
"2010","Nevada","Males","11**","377,387","2.92**","2.85**","625"
"2010","Nevada","Females","0**","359,066","0.00**","0.00**","--"
"2010","New Hampshire","Males","--","166,491","--","--","--"
"2010","New Hampshire","Females","0**","159,310","0.00**","0.00**","--"
"2010","New Jersey","Males","11**","1,174,554","0.94**","0.95**","643"
"2010","New Jersey","Females","0**","1,116,657","0.00**","0.00**","--"
"2010","New Mexico","Males","--","295,629","--","--","--"
"2010","New Mexico","Females","--","284,217","--","--","--"
"2010","New York","Males","30","2,504,034","1.20","1.17","1,622"
"2010","New York","Females","13**","2,393,490","0.54**","0.55**","759"
"2010","North Carolina","Males","37","1,308,848","2.83","2.78","2,054"
"2010","North Carolina","Females","--","1,249,843","--","--","--"
"2010","North Dakota","Males","--","88,325","--","--","--"
"2010","North Dakota","Females","--","83,604","--","--","--"
"2010","Ohio","Males","24","1,567,250","1.53","1.51","1,300"
"2010","Ohio","Females","10**","1,499,886","0.67**","0.68**","611"
"2010","Oklahoma","Males","18**","533,545","3.37**","3.32**","1,058"
"2010","Oklahoma","Females","--","508,099","--","--","--"
"2010","Oregon","Males","12**","497,779","2.41**","2.36**","617"
"2010","Oregon","Females","--","474,400","--","--","--"
"2010","Pennsylvania","Males","15**","1,625,400","0.92**","0.90**","824"
"2010","Pennsylvania","Females","--","1,554,200","--","--","--"
"2010","Rhode Island","Males","--","133,281","--","--","--"
"2010","Rhode Island","Females","0**","128,486","0.00**","0.00**","--"
"2010","South Carolina","Males","17**","624,158","2.72**","2.69**","902"
"2010","South Carolina","Females","--","600,286","--","--","--"
"2010","South Dakota","Males","0**","116,440","0.00**","0.00**","--"
"2010","South Dakota","Females","--","110,305","--","--","--"
"2010","Tennessee","Males","26","856,253","3.04","3.01","1,440"
"2010","Tennessee","Females","--","819,876","--","--","--"
"2010","Texas","Males","73","3,899,585","1.87","1.86","4,067"
"2010","Texas","Females","24","3,722,258","0.65","0.62","1,455"
"2010","Utah","Males","--","492,098","--","--","--"
"2010","Utah","Females","--","470,438","--","--","--"
"2010","Vermont","Males","0**","77,203","0.00**","0.00**","--"
"2010","Vermont","Females","--","73,044","--","--","--"
"2010","Virginia","Males","18**","1,063,788","1.69**","1.67**","1,017"
"2010","Virginia","Females","--","1,019,916","--","--","--"
"2010","Washington","Males","15**","907,085","1.65**","1.65**","800"
"2010","Washington","Females","--","862,812","--","--","--"
"2010","West Virginia","Males","--","225,131","--","--","--"
"2010","West Virginia","Females","--","214,075","--","--","--"
"2010","Wisconsin","Males","18**","768,709","2.34**","2.29**","918"
"2010","Wisconsin","Females","--","733,484","--","--","--"
"2010","Wyoming","Males","--","78,020","--","--","--"
"2010","Wyoming","Females","--","73,492","--","--","--"
"Total","","","12,963","1,151,604,575","1.13","1.13","744,007"
"","","","","","","",""
"Injury Outcome: Fatal","","","","","","",""
"Injury Type: All Injury","","","","","","",""
"Data Years: 2010 to 2023","","","","","","",""
"Geography: United States","","","","","","",""
"Intent: Unintentional","","","","","","",""
"Mechanism: Drowning (excludes water transport)","","","","","","",""
"Age: 0 to 4 through 15 to 19","","","","","","",""
"Sex: All Sexes","","","","","","",""
"Race: All Races","","","","","","",""
"Ethnicity: All Ethnicities","","","","","","",""
"Metro / Non-Metro Indicator: None Selected","","","","","","",""
"YPLL Age: 65","","","","","","",""
"Year and Race Options: 2001 - 2023 with No Race","","","","","","",""
"Notation: indicates suppressed value (based on <20 unweighted count, <1,200 weighted count, or coefficient of variation of the estimate >30%);","","","","","","",""
"--* indicates secondary suppression.","","","","","","",""
"Rows showing totals and sub-totals will not be available when only one row in the results table is suppressed.","","","","","","",""
"Data sources:","","","","","","",""
"National Center for Health Statistics-CDC annual mortality data files for WISQARS Fatal data.","","","","","","",""
"National Electronic Injury Surveillance System-All Injury Program for WISQARS Nonfatal data , an estimated number of hospital visits for injury care that start in an emergency department based on a U.S. nationally representative probability sample of hospitals.","","","","","","",""
"Produced by: National Center for Injury Prevention and Control, CDC.","","","","","","",""